compound,aliases,category,priority,primary_targets,mechanism_text,cognitive_domains,brain_regions_expected,pdsp_available,chembl_id,pubchem_cid,examine_url
Ashwagandha,"Withania somnifera, KSM-66, Sensoril, withanolides",Adaptogen,1,GABAergic modulation; cortisol reduction; thyroid hormone modulation; acetylcholinesterase inhibition,"Ashwagandha withanolides act as positive allosteric modulators of GABA-A receptors, providing anxiolytic effects. Reduces cortisol through HPA axis normalization, inhibits acetylcholinesterase, enhances BDNF and GDNF expression, modulates thyroid hormones (T3, T4), increases DHEA-S, and exhibits neuroprotective effects through antioxidant mechanisms. Promotes axonal and dendritic regeneration in damaged neurons.","anxiety reduction, stress resilience, sleep quality, memory, reaction time, testosterone","amygdala, hypothalamus, hippocampus, prefrontal cortex, basal ganglia",Partial,,265237.0,examine.com/supplements/ashwagandha
Bacopa monnieri,"Brahmi, water hyssop, bacosides",Adaptogen,1,Serotonergic (5-HT1A agonism); cholinergic enhancement; antioxidant; BDNF upregulation,"Bacopa monnieri bacosides enhance serotonergic neurotransmission through 5-HT1A receptor agonism, increase acetylcholine levels via acetylcholinesterase inhibition, upregulate BDNF and nerve growth factor expression in hippocampus, and reduce cortisol through HPA axis modulation. Enhances dendritic branching and synaptic plasticity in hippocampal CA1 and CA3 regions. Antioxidant effects via superoxide dismutase and glutathione peroxidase upregulation.","memory consolidation, learning rate, attention, anxiety reduction, information processing speed","hippocampus, prefrontal cortex, amygdala, basal forebrain, temporal cortex",Partial,,119033.0,examine.com/supplements/bacopa-monnieri
Lion's Mane,"Hericium erinaceus, hericenones, erinacines",Adaptogen/Neurotrophin,1,NGF and BDNF upregulation; kappa-opioid receptor agonism; TrkA activation,"Lion's mane hericenones and erinacines cross the blood-brain barrier and stimulate nerve growth factor synthesis and secretion in astrocytes. Erinacine A activates TrkA receptors promoting neurite outgrowth. Hericenones activate kappa-opioid receptors. Promotes hippocampal neurogenesis, enhances myelination through oligodendrocyte differentiation, and reduces neuroinflammation via NF-kB inhibition. Shown to improve cognitive function in mild cognitive impairment.","neuroplasticity, memory, mild cognitive impairment, nerve regeneration, depression","hippocampus, cortex-wide, cerebellum, basal forebrain, white matter tracts",No,,,examine.com/supplements/lions-mane
L-Theanine,"gamma-glutamylethylamide, Suntheanine",Amino acid,1,Glutamate receptor modulation; GABA increase; alpha-wave enhancement; serotonin/dopamine modulation,"L-Theanine crosses the blood-brain barrier and modulates glutamatergic neurotransmission through structural similarity to glutamate, binding weakly to AMPA, kainate, and NMDA receptors. Increases GABA, serotonin, and dopamine levels in brain. Selectively increases alpha-wave oscillatory activity (8-13 Hz) in cortex, producing relaxed alertness without sedation. Enhances BDNF and NGF expression. Synergistic effects with caffeine on attention.","relaxation, focused attention, alpha-wave activity, anxiety reduction, sleep quality","prefrontal cortex, parietal cortex, occipital cortex, thalamus, hippocampus",Partial,CHEMBL593107,439378.0,examine.com/supplements/theanine
Creatine,"Creatine monohydrate, phosphocreatine",Amino acid/Energy,1,Phosphocreatine energy buffer; ATP regeneration in neurons; neuroprotection,"Creatine supplementation increases brain phosphocreatine stores, enhancing the phosphocreatine-creatine kinase energy buffer system in neurons. This accelerates ATP regeneration during high cognitive demand, particularly benefiting prefrontal cortex function during executive tasks. Provides neuroprotection against excitotoxicity and oxidative stress. Effects most pronounced under conditions of sleep deprivation, metabolic stress, or vegetarian diet.","working memory under stress, executive function, mental fatigue resistance, sleep deprivation recovery","prefrontal cortex, hippocampus, basal ganglia, cortex-wide (metabolic)",No,CHEMBL458024,586.0,examine.com/supplements/creatine
Alpha-GPC,"Choline alfoscerate, L-alpha-glycerylphosphorylcholine",Cholinergic,1,Acetylcholine precursor; phosphatidylcholine precursor; growth hormone secretagogue,"Alpha-GPC is the most bioavailable choline source for brain acetylcholine synthesis, crossing the blood-brain barrier to directly supply choline for acetylcholine production in cholinergic neurons. Also provides glycerophosphate for phospholipid membrane synthesis. Increases growth hormone release via cholinergic stimulation of hypothalamic nuclei. Supports myelination through phosphatidylcholine supply.","memory formation, attention, learning, neuroprotection, physical power output","hippocampus, basal forebrain, prefrontal cortex, hypothalamus, motor cortex",No,CHEMBL519851,657272.0,examine.com/supplements/alpha-gpc
CDP-Choline,"Citicoline, Cytidine diphosphate-choline",Cholinergic,1,Acetylcholine precursor; phosphatidylcholine precursor; dopamine modulator,"Citicoline provides both choline for acetylcholine synthesis and cytidine which converts to uridine, enhancing neuronal membrane phospholipid synthesis. Increases dopamine receptor density in striatum, enhances norepinephrine and dopamine release in frontal cortex. Reduces phospholipase A2 activity during ischemia, preserving membrane integrity. Promotes BDNF expression.","attention, memory, executive function, neuroprotection, visual function","prefrontal cortex, striatum, hippocampus, visual cortex, basal forebrain",No,CHEMBL502111,13804.0,examine.com/supplements/cdp-choline
Huperzine A,"Selagine, extracted from Huperzia serrata",Cholinergic,1,Reversible acetylcholinesterase inhibitor; NMDA receptor antagonist,"Huperzine A is a potent, selective, and reversible inhibitor of acetylcholinesterase, increasing synaptic acetylcholine levels throughout cortex and hippocampus. Additionally acts as a non-competitive NMDA receptor antagonist, providing neuroprotection against glutamate excitotoxicity. Enhances nerve growth factor signaling and reduces oxidative stress in hippocampal neurons.","memory, learning, neuroprotection, attention, Alzheimer's disease symptoms","hippocampus, cortex-wide, basal forebrain, entorhinal cortex, amygdala",Yes,CHEMBL38989,5765.0,examine.com/supplements/huperzine-a
Modafinil,"Provigil, 2-(diphenylmethylsulfinyl)acetamide",Eugeroic,1,DAT inhibitor; orexin system activation; histamine increase; norepinephrine increase,"Modafinil inhibits dopamine reuptake through DAT binding, activates orexin/hypocretin neurons in lateral hypothalamus promoting wakefulness, increases histamine release from tuberomammillary nucleus, enhances norepinephrine release in prefrontal cortex, and modulates GABA-glutamate balance. Unlike amphetamines, produces wakefulness without peripheral sympathetic activation. Enhances prefrontal cortical function particularly during sleep deprivation.","wakefulness, executive function, working memory, attention, decision making under fatigue","prefrontal cortex, lateral hypothalamus, anterior cingulate, thalamus, basal ganglia",Yes,CHEMBL1373,4236.0,examine.com/supplements/modafinil
Semax,"MEHFPGP, Pro8-Gly9-Pro10 ACTH(4-10)",Peptide,1,BDNF upregulation; TrkB activation; melanocortin system modulation; NMDA enhancement,"Semax is a synthetic heptapeptide analog of ACTH(4-10) that powerfully upregulates BDNF, NGF, and GDNF expression in hippocampus and cortex through melanocortin receptor activation. Enhances NMDA receptor-mediated neurotransmission, increases dopamine and serotonin metabolite levels, modulates immune function through cytokine regulation, and promotes neurogenesis. Approved in Russia for stroke recovery and cognitive enhancement.","memory, attention, neuroplasticity, stroke recovery, learning, stress resilience","hippocampus, prefrontal cortex, basal ganglia, cortex-wide, limbic system",No,,11765600.0,
Noopept,"GVS-111, N-phenylacetyl-L-prolylglycine ethyl ester",Peptide-like,1,AMPA and NMDA receptor modulation; BDNF/NGF upregulation; antioxidant,"Noopept modulates both AMPA and NMDA glutamate receptors, increasing excitatory postsynaptic potentials. Its active metabolite cycloprolylglycine upregulates BDNF and NGF expression in hippocampus. Enhances alpha and beta-wave oscillatory activity, increases cortical and hippocampal neuroplasticity, provides neuroprotection through antioxidant and anti-inflammatory mechanisms. 1000x more potent than piracetam by weight.","memory, learning, neuroprotection, attention, anxiety reduction, neuroplasticity","hippocampus, prefrontal cortex, cortex-wide, amygdala, entorhinal cortex",Partial,CHEMBL263962,180496.0,examine.com/supplements/noopept
Aniracetam,"Ro 13-5057, Draganon, Sarpul",Racetam,1,AMPA receptor PAM; modulates metabotropic glutamate receptors; weak cholinergic and dopaminergic effects,"Aniracetam acts as a positive allosteric modulator of AMPA receptors, slowing desensitization kinetics and enhancing glutamatergic transmission. It also modulates metabotropic glutamate receptors, increases acetylcholine release in prefrontal cortex and hippocampus, and has anxiolytic properties through dopaminergic and serotonergic modulation. Enhances long-term potentiation in hippocampal circuits.","verbal fluency, anxiety reduction, memory formation, creativity, social cognition","hippocampus, prefrontal cortex, amygdala, temporal cortex",Partial,CHEMBL36720,2196.0,examine.com/supplements/aniracetam
Piracetam,"Nootropil, UCB-6215",Racetam,1,"AMPA receptor positive allosteric modulator; weak effect on NMDA, acetylcholine","Piracetam enhances AMPA receptor-mediated glutamatergic neurotransmission through positive allosteric modulation, increases membrane fluidity in neuronal lipid bilayers, modulates acetylcholine turnover in hippocampus and cortex, and restores age-related decreases in muscarinic receptor density. Improves mitochondrial electron transport chain function under hypoxic conditions.","verbal fluency, working memory, memory consolidation, learning, cognitive flexibility","hippocampus, prefrontal cortex, temporal cortex, Broca's area",Partial,CHEMBL36715,4843.0,examine.com/supplements/piracetam
Methylphenidate,"Ritalin, Concerta",Stimulant,1,DAT and NET inhibitor; increases synaptic dopamine and norepinephrine,"Methylphenidate blocks dopamine and norepinephrine transporters, increasing synaptic concentrations of both catecholamines. Primary cognitive effects mediated by enhanced dopamine in prefrontal cortex (improving executive function) and norepinephrine in locus coeruleus-cortical projections (improving attention). Unlike amphetamine, does not promote vesicular release. Inverted-U dose-response on cognition: low doses improve PFC function, high doses impair it.","sustained attention, working memory, executive function, impulse control, ADHD","prefrontal cortex, striatum, anterior cingulate, parietal cortex, cerebellum",Yes,CHEMBL796,4158.0,
Caffeine,"1,3,7-trimethylxanthine, guaranine",Stimulant/Adenosine,1,Adenosine A1 and A2A receptor antagonist; PDE inhibitor; ryanodine receptor modulator,"Caffeine is a non-selective adenosine receptor antagonist, primarily blocking A1 and A2A receptors. A2A antagonism in striatum increases dopaminergic signaling indirectly. A1 antagonism throughout cortex reduces inhibitory tone on excitatory neurotransmission. Also inhibits phosphodiesterases (increasing cAMP) and mobilizes intracellular calcium via ryanodine receptors. Increases norepinephrine, acetylcholine, and serotonin release.","alertness, sustained attention, reaction time, vigilance, psychomotor speed","prefrontal cortex, anterior cingulate, striatum, thalamus, cortex-wide",Yes,CHEMBL113,2519.0,examine.com/supplements/caffeine
Nicotine,3-(1-methylpyrrolidin-2-yl)pyridine,Stimulant/Cholinergic,1,"Nicotinic acetylcholine receptor (nAChR) agonist, especially alpha4-beta2 and alpha7 subtypes","Nicotine is a potent agonist at nicotinic acetylcholine receptors, with highest affinity for alpha4-beta2 subtype (involved in reward and attention) and alpha7 subtype (involved in cognition and sensory gating). Stimulates dopamine release in nucleus accumbens and prefrontal cortex, enhances glutamate release, increases norepinephrine and acetylcholine. Improves sustained attention, working memory, and sensory gating. Rapid desensitization leads to tolerance.","sustained attention, working memory, sensory gating, reaction time, episodic memory","prefrontal cortex, ventral tegmental area, nucleus accumbens, hippocampus, thalamus",Yes,CHEMBL3,89594.0,
Donepezil,"Aricept, E2020",Acetylcholinesterase inhibitor,2,"Selective, reversible acetylcholinesterase inhibitor; sigma-1 receptor agonist","Donepezil is a selective, reversible inhibitor of acetylcholinesterase with high brain penetration and long half-life (70 hours). Increases synaptic acetylcholine throughout cortex and hippocampus. Also agonizes sigma-1 receptors, potentially providing additional neuroprotective effects. FDA-approved for all stages of Alzheimer's disease. Enhances P300 event-related potential amplitude, reflecting improved attentional resource allocation. Most prescribed cholinesterase inhibitor worldwide.","Alzheimer's disease, attention, memory, global cognition, vascular dementia","hippocampus, cortex-wide cholinergic, basal forebrain, temporal cortex, parietal cortex",Yes,CHEMBL502,3152,
Bromantane,"Ladasten, adamantylbromphenylamine",Actoprotector,2,Tyrosine hydroxylase upregulation; dopamine synthesis enhancement; anxiolytic via GABA modulation; sigma receptor activity,"Bromantane is an adamantane derivative that uniquely upregulates tyrosine hydroxylase and aromatic L-amino acid decarboxylase gene expression, increasing endogenous dopamine synthesis rather than blocking reuptake or promoting release. This produces a non-depleting stimulant effect with no tolerance or dependence. Also modulates GABAergic neurotransmission providing anxiolytic effects. Has sigma-1 receptor activity. Approved in Russia as an 'actoprotector' for asthenia and fatigue.","motivation, fatigue resistance, anxiolysis, physical performance, asthenia, dopamine synthesis","ventral tegmental area, substantia nigra, striatum, prefrontal cortex, hypothalamus",Partial,CHEMBL442937,4660557,
Panax ginseng,"Korean ginseng, ginsenosides, Rg1, Rb1",Adaptogen,2,Nitric oxide modulation; NMDA receptor modulation; GABA-A modulation; cortisol regulation,"Panax ginseng ginsenosides modulate multiple neurotransmitter systems: Rg1 enhances glutamatergic transmission and hippocampal LTP via NMDA receptors, Rb1 provides neuroprotection through GABA-A receptor modulation, and Rg3 modulates voltage-gated ion channels. Increases nitric oxide production enhancing cerebral blood flow. Regulates HPA axis cortisol response. Promotes hippocampal BDNF expression and neurogenesis.","working memory, reaction time, mental fatigue, mood, psychomotor performance","hippocampus, prefrontal cortex, hypothalamus, anterior cingulate, striatum",Partial,,3086007.0,examine.com/supplements/panax-ginseng
Rhodiola rosea,"Golden root, Arctic root, rosavin, salidroside",Adaptogen,2,MAO-A/B inhibition; 5-HT modulation; dopamine modulation; cortisol reduction,"Rhodiola rosea active compounds salidroside and rosavins inhibit monoamine oxidases A and B, increasing synaptic availability of serotonin, dopamine, and norepinephrine. Modulates HPA axis to reduce cortisol secretion under stress. Enhances AMPK-mediated cellular energy production. Increases beta-endorphin levels and heat shock protein expression. Promotes neurogenesis through BDNF pathway activation.","fatigue resistance, stress resilience, attention under fatigue, mood, physical endurance","prefrontal cortex, locus coeruleus, hypothalamus, hippocampus, raphe nuclei",Partial,,159278.0,examine.com/supplements/rhodiola-rosea
Ginkgo biloba,"EGb 761, ginkgolides, bilobalide",Adaptogen/Vascular,2,PAF antagonist; PDE4/5 inhibitor; antioxidant; vasodilator; MAO inhibitor,"Ginkgo biloba extract EGb 761 antagonizes platelet-activating factor, inhibits phosphodiesterases 4 and 5, acts as a mild MAO-A/B inhibitor increasing monoamine neurotransmitter levels, enhances cerebral blood flow through nitric oxide-mediated vasodilation, and provides neuroprotection through potent antioxidant activity against reactive oxygen species. Bilobalide protects mitochondrial function.","cerebral blood flow, memory in elderly, attention, visual processing, tinnitus","prefrontal cortex, temporal cortex, hippocampus, visual cortex, auditory cortex",Partial,,159755.0,examine.com/supplements/ginkgo-biloba
L-Tyrosine,"NALT (N-Acetyl-L-Tyrosine), 4-hydroxyphenylalanine",Amino acid precursor,2,"Dopamine, norepinephrine, and epinephrine precursor (via tyrosine hydroxylase → DOPA → dopamine)","L-Tyrosine is the rate-limited precursor for catecholamine synthesis via the tyrosine hydroxylase → L-DOPA → dopamine → norepinephrine → epinephrine pathway. Supplementation replenishes catecholamine stores depleted by stress, sleep deprivation, cold exposure, or multitasking cognitive demand. Effects are most pronounced when catecholamine systems are under high demand, with minimal effects at baseline. Does not increase peak dopamine above normal but prevents depletion-related cognitive decline.","stress resilience, working memory under stress, multitasking, cold stress cognition, catecholamine replenishment","prefrontal cortex, locus coeruleus, ventral tegmental area, substantia nigra, hypothalamus",No,CHEMBL114744,6057,examine.com/supplements/l-tyrosine
N-Acetyl Cysteine,"NAC, N-acetylcysteine",Amino acid/Antioxidant,2,Glutathione precursor; glutamate modulation via cystine-glutamate antiporter; anti-inflammatory,"NAC is a precursor to glutathione, the brain's primary endogenous antioxidant. Modulates glutamate homeostasis through the cystine-glutamate antiporter (system Xc-), which exchanges extracellular cystine for intracellular glutamate. This regulates extrasynaptic glutamate tone and prevents excitotoxicity. Reduces neuroinflammation through NF-kB inhibition. Used clinically for OCD, addiction, bipolar, and trichotillomania.","compulsive behavior, addiction, glutamate regulation, neuroprotection, impulse control","nucleus accumbens, prefrontal cortex, anterior cingulate, striatum, hippocampus",Partial,CHEMBL600,12035.0,examine.com/supplements/n-acetylcysteine
Acetyl-L-Carnitine,"ALCAR, acetylcarnitine",Amino acid/Mitochondrial,2,Mitochondrial fatty acid transport; acetylcholine precursor; mGluR modulation; epigenetic modulation,"ALCAR donates its acetyl group for acetylcholine synthesis and enhances mitochondrial fatty acid beta-oxidation, improving neuronal energy metabolism. Modulates metabotropic glutamate receptors (mGluR2), reduces C-reactive protein and TNF-alpha neuroinflammation, enhances BDNF and NGF signaling, and provides epigenetic modulation through histone acetylation. Used clinically for diabetic neuropathy and age-related cognitive decline.","mental energy, age-related cognitive decline, neuropathy, depression, fatigue","prefrontal cortex, hippocampus, cerebellum, brainstem, peripheral nerves",Partial,CHEMBL1162,7045767.0,examine.com/supplements/acetyl-l-carnitine
Sunifiram,"DM-235, 1-benzoyl-4-propanoylpiperazine",Ampakine,2,AMPA receptor PAM (1000x piracetam potency); CaMKII and PKC activation; glycine binding site modulator,"Sunifiram is a piperazine-derived ampakine that potentiates AMPA receptor currents at nanomolar concentrations, approximately 1000-fold more potent than piracetam. Activates CaMKII and PKC signaling cascades critical for long-term potentiation. Also enhances glycine binding at NMDA receptors, facilitating glutamatergic transmission. Restores scopolamine-induced amnesia in animal models at microgram doses. Not a racetam despite functional similarity.","memory formation, LTP enhancement, learning, attention, amnesia reversal","hippocampus, prefrontal cortex, entorhinal cortex, cortex-wide glutamatergic",Low,CHEMBL2220478,4231,
Tianeptine,"Stablon, Coaxil, tianeptine sodium",Atypical antidepressant,2,Mu and delta opioid receptor agonist; glutamate modulation; AMPA receptor trafficking; BDNF enhancer,"Tianeptine is an atypical antidepressant that acts primarily as a mu and delta opioid receptor agonist, modulates AMPA receptor trafficking and glutamatergic plasticity in hippocampus, normalizes stress-induced dendritic remodeling in hippocampus and amygdala, and enhances BDNF expression. Previously misclassified as a serotonin reuptake enhancer. Reverses stress-induced hippocampal atrophy and restores LTP. Approved in France, not in USA.","depression, stress resilience, hippocampal plasticity, anxiety, cognitive symptoms of depression","hippocampus, amygdala, prefrontal cortex, nucleus accumbens, habenula",Yes,CHEMBL1289,68870.0,
Vinpocetine,"Cavinton, ethyl apovincaminate, Vinca minor derivative",Cerebrovascular,2,PDE1 inhibitor; voltage-gated sodium channel blocker; cerebral vasodilator; anti-inflammatory (NF-kB inhibition),"Vinpocetine selectively inhibits phosphodiesterase type 1 (PDE1), increasing cAMP and cGMP in cerebral vasculature and neurons. Blocks voltage-gated sodium channels providing neuroprotection against excitotoxicity. Enhances cerebral blood flow by 7-12% selectively without affecting systemic blood pressure. Inhibits IKK/NF-kB inflammatory cascade. Enhances glucose and oxygen utilization in brain tissue. Used extensively in Europe and Japan for cerebrovascular insufficiency.","cerebral blood flow, memory, stroke recovery, neuroprotection, tinnitus, visual function","cortex-wide (vascular), hippocampus, temporal cortex, visual cortex, auditory cortex",Partial,CHEMBL21781,5340,examine.com/supplements/vinpocetine
Centrophenoxine,"Meclofenoxate, Lucidril, ANP-235",Cholinergic/Anti-aging,2,DMAE ester (acetylcholine precursor); lipofuscin removal; membrane phospholipid turnover enhancer,"Centrophenoxine is an ester of DMAE and pCPA that enhances brain acetylcholine synthesis by providing DMAE as a choline precursor. Uniquely reduces age-related lipofuscin accumulation in neurons, improves neuronal membrane phospholipid turnover, increases RNA and protein synthesis in aging brain cells, and enhances glucose and oxygen uptake in cortical neurons. Has established clinical use in Europe for age-related cognitive decline and senile dementia.","age-related cognitive decline, memory in elderly, lipofuscin clearance, neuroprotection","cortex-wide (membrane effects), hippocampus, prefrontal cortex, basal forebrain",Low,CHEMBL1521,4039,
Galantamine,"Razadyne, Reminyl, Nivalin",Dual cholinergic,2,"Reversible acetylcholinesterase inhibitor; nicotinic acetylcholine receptor allosteric potentiator (alpha7, alpha4-beta2)",Galantamine has a unique dual mechanism: reversible acetylcholinesterase inhibition plus allosteric potentiation of nicotinic acetylcholine receptors (particularly alpha7 and alpha4-beta2 subtypes). The nicotinic modulation enhances presynaptic glutamate and acetylcholine release beyond what AChE inhibition alone achieves. Improves lucid dreaming when taken during REM sleep periods. FDA-approved for mild-to-moderate Alzheimer's. Originally isolated from snowdrop (Galanthus) and red spider lily.,"Alzheimer's disease, memory, attention, lucid dreaming, cholinergic-nicotinic synergy","hippocampus, basal forebrain, cortex-wide, prefrontal cortex, temporal cortex",Yes,CHEMBL659,9651,
Omega-3 DHA,"Docosahexaenoic acid, fish oil DHA",Essential fatty acid,2,"Neuronal membrane component; anti-inflammatory (resolvins, neuroprotectin D1); BDNF modulation","DHA constitutes ~40% of polyunsaturated fatty acids in brain phospholipids, critical for neuronal membrane fluidity, receptor trafficking, and synaptic vesicle dynamics. Metabolized to neuroprotectin D1 and resolvins which resolve neuroinflammation. Enhances BDNF signaling, promotes hippocampal neurogenesis, supports myelination, and modulates dopamine and serotonin systems. Deficiency associated with cognitive impairment, depression, and ADHD.","membrane integrity, anti-inflammation, mood, visual processing, infant neurodevelopment","cortex-wide (structural), hippocampus, retina, prefrontal cortex, white matter",No,CHEMBL8744,445580.0,examine.com/supplements/fish-oil
Adrafinil,"CRL-40028, Olmifon",Eugeroic prodrug,2,Prodrug of modafinil (hepatic conversion); DAT inhibition; alpha-1 adrenergic agonism,"Adrafinil is a prodrug metabolized in the liver to modafinil and modafinilic acid. Produces wakefulness-promoting effects through the same mechanisms as modafinil: dopamine transporter inhibition, orexin system activation, and histaminergic enhancement. Slower onset (45-60min) and longer duration than modafinil due to hepatic conversion requirement. May produce hepatotoxicity with chronic use due to metabolic intermediates.","wakefulness, alertness, attention, vigilance, fatigue resistance","prefrontal cortex, lateral hypothalamus, thalamus, anterior cingulate, basal ganglia",Partial,CHEMBL1624,3033226,
Phenibut,"beta-phenyl-gamma-aminobutyric acid, Noofen, Anvifen",GABAergic,2,GABA-B receptor agonist; alpha2-delta voltage-gated calcium channel blocker; weak GABA-A activity,"Phenibut is a GABA analog that crosses the blood-brain barrier due to its phenyl ring modification. Primarily acts as GABA-B receptor agonist (similar to baclofen) and blocks alpha2-delta subunit of voltage-gated calcium channels (similar to gabapentin). Weak GABA-A activity. Reduces anxiety, improves sleep architecture, and has nootropic effects at low doses through GABAergic modulation. High addiction and dependence potential at recreational doses.","anxiety reduction, social cognition, sleep quality, stress response (use with caution - addiction risk)","amygdala, prefrontal cortex, hippocampus, thalamus, cortex-wide inhibitory",Partial,CHEMBL1628921,14113.0,examine.com/supplements/phenibut
ISRIB,"trans-N,N'-(cyclohexane-1,4-diyl)bis(2-(4-chlorophenoxy)acetamide)",ISR inhibitor,2,Integrated Stress Response (ISR) inhibitor; eIF2B activator; blocks ATF4 pathway,"ISRIB reactivates eIF2B-mediated protein translation by stabilizing eIF2B decamers, overriding the integrated stress response that suppresses protein synthesis under cellular stress. In aged mice, a brief ISRIB treatment rejuvenated hippocampal memory to youthful levels, enhanced working memory, and improved spatial learning. Effects persisted for weeks after treatment. Restored age-related declines in hippocampal long-term potentiation and synapse number. One of the most striking aging-reversal effects observed in cognitive neuroscience.","age-related cognitive decline, spatial memory, working memory, hippocampal rejuvenation, LTP restoration","hippocampus, prefrontal cortex, cortex-wide (protein synthesis), dentate gyrus",No,CHEMBL3360203,25195352,
Cortexin,Cortexin polypeptide complex,Khavinson peptide,2,GABAergic and glutamatergic modulation; BDNF upregulation; antioxidant,"Cortexin is a complex of low-molecular-weight neuropeptides extracted from cerebral cortex of cattle and pigs. Modulates GABAergic and glutamatergic neurotransmission balance, promotes BDNF-mediated neuroplasticity, enhances cortical metabolic activity, reduces excitotoxicity, and has antioxidant properties. Approved in Russia for treatment of craniocerebral trauma, encephalopathy, and cognitive disorders in children. Normalizes EEG bioelectrical activity.","cortical metabolism, cognitive rehabilitation, pediatric neurodevelopment, TBI recovery, epilepsy","cortex-wide, hippocampus, temporal cortex, frontal cortex",No,,,
Epitalon,"Epithalon, Epithalone, Ala-Glu-Asp-Gly",Khavinson peptide,2,Telomerase activation; pineal gland peptide; melatonin secretion enhancement,"Epitalon is a synthetic tetrapeptide (Ala-Glu-Asp-Gly) based on epithalamin, a pineal gland extract. Activates telomerase reverse transcriptase in somatic cells, lengthening telomeres. Stimulates melatonin secretion from the pineal gland, restoring circadian rhythm integrity. Modulates gene expression patterns associated with aging. May enhance antioxidant enzyme expression. Khavinson's research suggests geroprotective effects through epigenetic regulation.","circadian rhythm, anti-aging, sleep quality, melatonin regulation, longevity","pineal gland, suprachiasmatic nucleus, hypothalamus",No,,219042.0,
Thymalin,"Thymus extract bioregulator, EW dipeptide (Glu-Trp)",Khavinson peptide,2,Thymus bioregulator; T-cell differentiation; immune reconstitution; neuroimmune axis modulation,"Thymalin is a polypeptide complex isolated from thymus gland that restores T-cell differentiation and immune function. The active dipeptide Glu-Trp (EW) penetrates cell nuclei and binds DNA, modulating expression of genes involved in immune regulation and aging. In Khavinson's landmark 15-year clinical study, thymalin plus epithalamin treatment reduced mortality by 2-fold in elderly subjects. Modulates neuroimmune interactions through cytokine normalization affecting microglial function and neuroinflammation.","immune reconstitution, anti-aging, neuroimmune axis, longevity, inflammation reduction","hypothalamus (neuroimmune), cortex-wide (microglial modulation), thymus-brain axis",No,,,
Thymogen,"Glu-Trp, EW",Khavinson peptide,2,Thymic dipeptide; T-cell maturation; immune reconstitution; anti-inflammatory cytokine modulation,"Thymogen (Glu-Trp) is the active dipeptide identified from thymalin extract that restores T-cell maturation and immune function. Approved as a pharmaceutical in Russia for immunodeficiency states. Modulates cytokine balance (reduces TNF-alpha, IL-1beta; increases IL-2, IL-10), promotes T-cell differentiation in thymus, and normalizes CD4/CD8 ratios. Neuroimmune relevance: normalizes the inflammatory cytokine milieu that drives age-related neuroinflammation, microglial priming, and blood-brain barrier dysfunction.","immune reconstitution, neuroinflammation reduction, anti-aging immunity, cytokine balance","cortex-wide (via cytokine normalization), hypothalamus, circumventricular organs",No,,,
Selegiline,"Deprenyl, L-deprenyl, Emsam, Eldepryl",MAO-B inhibitor,2,"Irreversible MAO-B inhibitor (low dose); MAO-A inhibitor (high dose); increases dopamine, PEA, and catecholamines","At low doses (1-5mg), selegiline selectively and irreversibly inhibits monoamine oxidase B, increasing synaptic dopamine, phenylethylamine (PEA), and trace amine levels. Enhances catecholaminergic neurotransmission in nigrostriatal and mesocortical pathways. Also upregulates superoxide dismutase and catalase antioxidant enzymes. Metabolized to L-methamphetamine and L-amphetamine at trace levels. Neuroprotective in Parkinson's disease models. Used as cognitive enhancer at sub-clinical doses.","motivation, dopamine enhancement, neuroprotection, Parkinson's disease, cognitive aging, mood","substantia nigra, striatum, prefrontal cortex, ventral tegmental area, locus coeruleus",Yes,CHEMBL972,26757,
Magnesium L-Threonate,"Magtein, MgT",Mineral,2,Brain magnesium elevation; NMDA receptor modulation; synaptic density enhancer; NR2B subunit expression,"Magnesium L-threonate uniquely elevates brain magnesium levels (other forms do not effectively cross BBB). Increased brain magnesium enhances NMDA receptor function by relieving voltage-dependent Mg2+ block at appropriate membrane potentials, upregulates NR2B subunit expression in hippocampus increasing NMDA receptor plasticity, increases synaptic density in prefrontal cortex and hippocampus, and enhances both short-term and long-term memory through improved synaptic plasticity.","memory, learning, synaptic plasticity, sleep quality, anxiety reduction, cognitive aging","hippocampus, prefrontal cortex, cortex-wide (magnesium homeostasis)",No,,150909.0,examine.com/supplements/magnesium
Methylene Blue,"Methylthioninium chloride, Rember, TRx0237",Mitochondrial/Redox,2,Mitochondrial Complex I-III alternative electron carrier; NOS inhibitor; MAO-A inhibitor; tau aggregation inhibitor,"Methylene blue at low doses (0.5-4 mg/kg) acts as an alternative electron carrier in the mitochondrial respiratory chain, accepting electrons from NADH and transferring them to cytochrome c, bypassing Complexes I-III when they are impaired. Inhibits nitric oxide synthase reducing oxidative stress, inhibits MAO-A increasing serotonin and norepinephrine, and directly inhibits tau protein aggregation. Enhances memory consolidation and extinction learning. Increases brain cytochrome oxidase activity by 25-30%.","memory consolidation, fear extinction, mitochondrial energy, Alzheimer's tau pathology, neuroprotection","hippocampus, prefrontal cortex, amygdala (extinction), cortex-wide (mitochondrial)",Partial,CHEMBL81,6099,
Memantine,"Namenda, 1-amino-3,5-dimethyladamantane",NMDA antagonist,2,"Non-competitive NMDA receptor antagonist (low-affinity, voltage-dependent); 5-HT3 antagonist; nAChR antagonist; D2 agonist","Memantine is a low-affinity, non-competitive NMDA receptor antagonist that preferentially blocks tonically activated (extrasynaptic) NMDA receptors while preserving normal phasic synaptic transmission. This reduces glutamate excitotoxicity without impairing learning-related NMDA signaling. Also antagonizes 5-HT3 receptors and nicotinic receptors, and has weak D2 agonist activity. FDA-approved for moderate-to-severe Alzheimer's disease. Used off-label for neuroprotection.","Alzheimer's disease, neuroprotection, excitotoxicity prevention, cognitive decline","hippocampus, cortex-wide, basal ganglia, entorhinal cortex, temporal cortex",Yes,CHEMBL807,4054.0,
NSI-189,NSI-189 phosphate,Neurogenic,2,Hippocampal neurogenesis stimulator; unknown primary receptor target; BDNF increase,"NSI-189 is a small molecule that stimulates neurogenesis in human hippocampal neural stem cells. Its exact molecular target remains unknown, but it increases hippocampal volume in MDD patients (measurable on MRI), upregulates BDNF, and enhances synaptic plasticity markers. Phase 2 clinical trial in major depression showed cognitive benefits (improved memory, concentration) even in non-responders on mood measures.","hippocampal neurogenesis, depression, memory, cognitive symptoms of MDD","hippocampus (dentate gyrus), subventricular zone, entorhinal cortex",Low,CHEMBL3545270,56843561.0,
Oxytocin,"OT, Pitocin (synthetic), intranasal oxytocin",Neuropeptide,2,Oxytocin receptor agonist; vasopressin V1a receptor partial agonist; GABAergic modulation in amygdala,"Intranasal oxytocin acts on oxytocin receptors densely expressed in amygdala, hippocampus, nucleus accumbens, and prefrontal cortex. Reduces amygdala reactivity to threat stimuli, enhances social cognition and face recognition, modulates GABAergic inhibition in central amygdala (anxiolytic), enhances trust and prosocial behavior, and improves social memory through hippocampal oxytocin receptor activation. Effects are context-dependent and modulated by baseline social functioning. Studied for autism, social anxiety, and PTSD.","social cognition, face recognition, trust, anxiety reduction, PTSD, autism social deficits","amygdala, hippocampus, nucleus accumbens, prefrontal cortex, fusiform face area, insula",No,CHEMBL395429,439302,
"7,8-Dihydroxyflavone","7,8-DHF, tropoflavin",Neurotrophin mimetic,2,TrkB receptor agonist (BDNF mimetic); small molecule neurotrophin signaling activator,"7,8-DHF is a naturally occurring flavonoid that selectively activates TrkB receptors, mimicking BDNF signaling without requiring the BDNF protein. Crosses the blood-brain barrier and promotes downstream Ras-MAPK, PI3K-Akt, and PLCgamma cascades. Enhances hippocampal neurogenesis, synaptogenesis, and dendritic spine formation. Reverses cognitive deficits in Alzheimer's, depression, and PTSD animal models. Represents a breakthrough in small-molecule neurotrophin therapeutics.","neuroplasticity, memory, depression, PTSD, neurodegeneration, hippocampal neurogenesis","hippocampus, prefrontal cortex, amygdala, cortex-wide (TrkB expressing regions)",No,CHEMBL65515,5320399,
Uridine,"Uridine monophosphate, UMP, triacetyluridine",Nucleoside,2,Phosphatidylcholine synthesis (Kennedy pathway); CDP-choline precursor; dopamine modulation; synaptogenesis,"Uridine is a pyrimidine nucleoside essential for the Kennedy pathway of phosphatidylcholine synthesis in neuronal membranes. Enhances neurite outgrowth and synaptogenesis, increases striatal dopamine release, promotes dendritic spine formation in hippocampus when combined with DHA and choline. Crosses the blood-brain barrier and is converted to UTP and CTP for RNA and phospholipid synthesis. Often stacked with omega-3 DHA and choline ('Mr. Happy Stack').","synaptogenesis, membrane synthesis, mood, dopamine modulation, neuroplasticity","striatum, hippocampus, prefrontal cortex, cortex-wide (membrane synthesis)",No,CHEMBL803,6029.0,
Davunetide,"NAP, NAPVSIPQ, AL-108, CP201",Peptide,2,Microtubule stabilizer; tau interaction modulator; activity-dependent neuroprotective protein (ADNP) fragment,"Davunetide (NAP) is an 8-amino acid neuroprotective peptide derived from activity-dependent neuroprotective protein (ADNP). Binds to tubulin and stabilizes microtubules, protecting axonal transport machinery disrupted in tauopathies. Reduces tau hyperphosphorylation and prevents tau-microtubule dissociation. Intranasal administration achieves brain concentrations. Progressed to Phase 2/3 clinical trials for progressive supranuclear palsy and frontotemporal dementia. Enhances memory and learning in animal models at femtomolar concentrations.","tauopathy, microtubule stabilization, neuroprotection, PSP, FTD, memory","cortex-wide (microtubule), hippocampus, frontal cortex, basal ganglia, brainstem",No,,9831286,
Dihexa,N-hexanoic-Tyr-Ile-(6) aminohexanoic amide,Peptide,2,HGF/c-Met receptor system activation; angiotensin IV analog; synaptic plasticity enhancer,"Dihexa is a modified angiotensin IV analog that activates the hepatocyte growth factor/c-Met receptor system in brain, promoting dendritic spine formation, synaptogenesis, and long-term potentiation at concentrations 10 million times more potent than BDNF. Enhances hippocampal connectivity and spatial memory in animal models. Crosses blood-brain barrier. Proposed mechanism involves augmenting HGF/c-Met dimerization.","memory formation, synaptic plasticity, spatial memory, dementia (preclinical)","hippocampus, entorhinal cortex, prefrontal cortex, cortex-wide synaptogenesis",No,,11764594.0,
NA-Selank,"N-Acetyl Selank, acetylated Selank amidate",Peptide,2,Enhanced Selank with improved stability; GABAergic; serotonergic; BDNF; enkephalinase inhibition,"NA-Selank is an N-acetylated amidate form of Selank with improved enzymatic stability and enhanced bioavailability compared to native Selank. Retains all mechanisms of Selank (GABAergic enhancement, enkephalinase inhibition, BDNF upregulation, serotonin modulation) with prolonged duration of action. The acetylation protects the N-terminus from aminopeptidase degradation while the C-terminal amidation resists carboxypeptidase cleavage. Preferred form for intranasal administration.","anxiety reduction, memory, attention, mood, immune modulation, stress resilience","amygdala, hippocampus, prefrontal cortex, raphe nuclei, hypothalamus",No,,,
NA-Semax,"N-Acetyl Semax, acetylated Semax amidate",Peptide,2,Enhanced Semax with improved stability; BDNF/NGF/GDNF upregulation; melanocortin; dopaminergic/serotonergic,"NA-Semax is the N-acetylated amidate form of Semax with improved peptidase resistance and extended half-life. Retains all mechanisms of Semax (powerful BDNF/NGF/GDNF upregulation, melanocortin receptor activation, dopamine and serotonin modulation) while providing more sustained neurotrophin expression. Shows enhanced immunomodulatory properties compared to native Semax, with stronger effects on pro-inflammatory cytokine reduction. The most commonly used form outside of Russian clinical settings.","memory, neuroplasticity, attention, stroke recovery, learning, immune modulation, stress resilience","hippocampus, prefrontal cortex, cortex-wide, basal ganglia, limbic system",No,,,
P21,"Ac-DGGL-NH2, Cerebrolysin-derived tetrapeptide",Peptide,2,CNTF receptor pathway activation; BDNF upregulation; neurogenesis promoter; anti-inflammatory,"P21 is a synthetic tetrapeptide derived from the active region of ciliary neurotrophic factor (CNTF), identified as the minimal neurogenic fragment of cerebrolysin. Activates CNTF receptor complex triggering JAK-STAT signaling cascade, upregulates BDNF expression, promotes adult hippocampal neurogenesis in dentate gyrus, reduces neuroinflammation, and decreases tau hyperphosphorylation. Crosses blood-brain barrier when administered intranasally. Rescues cognitive deficits and synaptic loss in Alzheimer's mouse models.","neurogenesis, Alzheimer's disease, memory, synaptic rescue, tau reduction, cognitive decline","hippocampus (dentate gyrus), subventricular zone, prefrontal cortex, entorhinal cortex",No,,,
Selank,"TP-7, Thr-Lys-Pro-Arg-Pro-Gly-Pro",Peptide,2,GABAergic enhancement; enkephalinase inhibition; serotonergic modulation; BDNF upregulation,"Selank is a synthetic peptide analog of tuftsin (immunoglobulin fragment) that enhances GABAergic neurotransmission, inhibits enkephalin-degrading enzymes increasing endogenous opioid peptide levels, modulates serotonin and norepinephrine metabolism, and upregulates BDNF expression. Has anxiolytic effects comparable to benzodiazepines without sedation or dependence. Modulates IL-6 and affects gene expression of 36 genes involved in GABAergic signaling.","anxiety reduction, memory, attention, immune modulation, stress resilience","amygdala, hippocampus, prefrontal cortex, hypothalamus, raphe nuclei",No,,11765887.0,
Cerebrolysin,"FPF-1070, porcine brain-derived peptide mixture",Peptide mixture,2,"Neurotrophic factor mimetic (BDNF, GDNF, CNTF-like); calpain inhibition; anti-apoptotic","Cerebrolysin is a mixture of low-molecular-weight neuropeptides and amino acids derived from porcine brain tissue that mimics the action of endogenous neurotrophic factors. Activates PI3K/Akt survival signaling, inhibits calpain-mediated neurodegeneration, promotes neurogenesis and synaptogenesis, reduces amyloid-beta aggregation, and enhances cholinergic neurotransmission. FDA-designated orphan drug for TBI. Used clinically in Europe and Asia for stroke and dementia.","stroke recovery, traumatic brain injury, dementia, neuroplasticity, memory","hippocampus, cortex-wide, basal ganglia, cerebellum, white matter",No,,,
Phosphatidylserine,"PS, PtdSer",Phospholipid,2,Cell membrane phospholipid component; cortisol reduction; acetylcholine and dopamine modulation,"Phosphatidylserine is a phospholipid component of neuronal cell membranes, critical for membrane fluidity, vesicle fusion (neurotransmitter release), and cell signaling. Supplementation enhances acetylcholine and dopamine release, reduces exercise-induced cortisol, activates protein kinase C, and supports phospholipid turnover in aging neurons. Blunts HPA axis cortisol response to stress.","memory in aging, attention, cortisol reduction, exercise recovery, cognitive decline","cortex-wide (membrane component), hippocampus, prefrontal cortex",No,,6406.0,examine.com/supplements/phosphatidylserine
Agmatine,"Agmatine sulfate, 4-(aminobutyl)guanidine",Polyamine/Neuromodulator,2,"NMDA receptor antagonist (polyamine site); imidazoline receptor agonist (I1, I2); nNOS inhibitor; nicotinic ACh receptor blocker; alpha-2 adrenergic agonist","Agmatine is an endogenous polyamine neurotransmitter derived from arginine decarboxylation. Blocks NMDA receptors at the polyamine binding site, providing neuroprotection without dissociative effects. Agonizes imidazoline I1 receptors (lowering blood pressure) and I2 receptors (modulating monoamine metabolism). Inhibits neuronal nitric oxide synthase. Blocks nicotinic acetylcholine receptors. Potentiates opioid analgesia while blocking tolerance. Has antidepressant, anxiolytic, and neuroprotective properties.","neuroprotection, depression, pain modulation, opioid tolerance prevention, anxiety, excitotoxicity","hippocampus, hypothalamus, prefrontal cortex, periaqueductal gray, locus coeruleus, cortex-wide",Partial,CHEMBL14025,199,examine.com/supplements/agmatine
Curcumin,"Diferuloylmethane, Longvida, Theracurmin, BCM-95",Polyphenol,2,NF-kB inhibitor; anti-inflammatory; BDNF upregulation; amyloid-beta binding; MAO-B inhibition,"Curcumin inhibits NF-kB-mediated neuroinflammation, binds and disaggregates amyloid-beta plaques, inhibits MAO-B enzyme increasing dopamine availability, upregulates BDNF expression, chelates heavy metals, enhances DHA synthesis in brain, and modulates multiple kinase pathways (mTOR, GSK-3beta). Bioavailability is poor unless formulated with piperine or lipid nanoparticles. Theracurmin and Longvida forms achieve brain-relevant concentrations.","anti-inflammatory neuroprotection, memory in aging, depression, amyloid clearance, mood","hippocampus, prefrontal cortex, amygdala, cortex-wide (anti-inflammatory)",Partial,CHEMBL116438,969516.0,examine.com/supplements/curcumin
Fasoracetam,"NFC-1, NS-105, LAM-105",Racetam,2,Metabotropic glutamate receptor (mGluR) modulator; GABA-B receptor upregulation; cholinergic enhancement,"Fasoracetam uniquely modulates Group III metabotropic glutamate receptors (mGluR4, mGluR7, mGluR8) and upregulates GABA-B receptor expression, distinguishing it from other racetams. Enhances high-affinity choline uptake in hippocampus. Currently in Phase 2 clinical trials for ADHD in adolescents with mGluR gene mutations (15q11.2 deletions). Restores GABA-B receptor density depleted by chronic baclofen exposure.","ADHD, anxiety, memory, GABA-B upregulation, glutamate modulation","hippocampus, prefrontal cortex, basal ganglia, cortex-wide GABAergic",Partial,CHEMBL319898,3037862,
Nefiracetam,"DM-9384, Translon",Racetam,2,NMDA receptor glycine site modulator; nicotinic ACh receptor potentiation; PKC and CaMKII activation; GABAergic modulation,"Nefiracetam has a uniquely broad receptor profile among racetams: potentiates NMDA receptor activity through the glycine binding site, enhances nicotinic acetylcholine receptor (alpha4-beta2) currents through direct binding, activates PKC and CaMKII signaling, and modulates GABA-A receptor Cl- currents. Opens L-type calcium channels in hippocampal neurons. Enhances both cholinergic and glutamatergic long-term potentiation. Studied for post-stroke apathy and cognitive recovery.","apathy, post-stroke cognition, memory consolidation, learning, attention","hippocampus, prefrontal cortex, basal forebrain, striatum, temporal cortex",Partial,CHEMBL272729,71230,
Oxiracetam,ISF 2522,Racetam,2,AMPA and NMDA receptor modulator; enhances cholinergic neurotransmission,"Oxiracetam enhances both AMPA and NMDA receptor-mediated glutamatergic neurotransmission, increases hippocampal acetylcholine release, stimulates protein kinase C activity, and promotes long-term potentiation. More potent than piracetam on memory consolidation metrics. Increases D-aspartate release in hippocampus.","logical reasoning, memory consolidation, spatial memory, attention, learning speed","hippocampus, entorhinal cortex, prefrontal cortex, parietal cortex",Partial,CHEMBL36327,4626.0,examine.com/supplements/oxiracetam
Phenylpiracetam,"Fonturacetam, Carphedon, Phenotropil",Racetam,2,AMPA PAM; dopamine reuptake inhibition (DAT); nicotinic acetylcholine receptor modulation,"Phenylpiracetam combines AMPA receptor positive allosteric modulation with dopamine reuptake inhibition via DAT binding, and modulation of nicotinic acetylcholine receptors. The phenyl group adds dopaminergic and stimulant properties absent in piracetam. Increases locomotor activity and cold stress tolerance. Enhances cortical excitability.","psychomotor speed, motivation, attention, physical endurance, working memory, cold tolerance","prefrontal cortex, striatum, motor cortex, hippocampus, anterior cingulate",Low,CHEMBL553113,132441.0,examine.com/supplements/phenylpiracetam
Pramiracetam,"CI-879, Pramistar",Racetam,2,High-affinity choline uptake enhancer; indirect cholinergic potentiation,"Pramiracetam increases high-affinity choline uptake in hippocampus, thereby enhancing acetylcholine synthesis and release. Has minimal direct effect on glutamate or GABA receptors. Increases nitric oxide synthase activity in cerebral cortex. Most potent racetam for episodic memory enhancement per milligram basis.","episodic memory, long-term memory formation, memory retrieval, object recognition","hippocampus, medial temporal lobe, basal forebrain, prefrontal cortex",Low,CHEMBL280996,51712.0,examine.com/supplements/pramiracetam
Polygala tenuifolia,"Yuan Zhi, tenuifolin, onjisaponin B, BT-11",Traditional medicine,2,BACE1 inhibitor (amyloid pathway); acetylcholinesterase inhibitor; NMDA receptor modulation; expectorant saponins,"Polygala tenuifolia root extract contains tenuigenin and tenuifolin which inhibit BACE1 (beta-secretase), reducing amyloid-beta production. Onjisaponin B inhibits acetylcholinesterase and promotes nerve growth factor secretion from astrocytes. Tenuigenin modulates NMDA receptor activity and enhances hippocampal long-term potentiation. Used in Traditional Chinese Medicine for 2000+ years as a cognition-enhancing and memory-preserving herb. BT-11 extract in clinical trials for mild cognitive impairment.","memory, Alzheimer's disease prevention, NGF secretion, learning, anti-amnesic","hippocampus, prefrontal cortex, basal forebrain, temporal cortex, entorhinal cortex",Partial,,12302070,
Sulbutiamine,"Arcalion, isobutyryl thiamine disulfide",Vitamin B1 derivative,2,Thiamine pyrophosphate precursor; dopaminergic modulation; glutamatergic modulation,"Sulbutiamine is a lipophilic thiamine (B1) derivative that crosses the blood-brain barrier more efficiently than thiamine. Increases thiamine pyrophosphate levels in brain, upregulates D1 dopamine receptor density in prefrontal cortex, modulates glutamatergic transmission in hippocampus, and reduces cholinergic transmission in specific circuits. Used for asthenia and psychogenic erectile dysfunction in France.","mental fatigue, motivation, asthenia, memory, psychomotor speed","prefrontal cortex, hippocampus, striatum, reticular activating system",Low,CHEMBL28973,71124.0,examine.com/supplements/sulbutiamine
Taurine,2-aminoethanesulfonic acid,Amino acid,3,GABA-A receptor agonist; glycine receptor agonist; osmoregulator; antioxidant,"Taurine is an inhibitory amino acid that activates GABA-A and glycine receptors, modulates calcium homeostasis through voltage-gated calcium channel regulation, acts as an intracellular osmoregulator maintaining cell volume, and provides antioxidant neuroprotection. Enhances GABAergic inhibition in hippocampus and cortex. Involved in neuronal development and synaptogenesis during critical periods.","anxiety reduction, neuroprotection, GABAergic modulation, sleep, neural development","hippocampus, cerebellum, cortex-wide, retina, hypothalamus",Partial,CHEMBL504,1123.0,examine.com/supplements/taurine
Unifiram,DM-232,Ampakine,3,AMPA receptor PAM; structurally related to sunifiram; CaMKII activation,Unifiram is a structural analog of sunifiram with similar AMPA receptor positive allosteric modulation activity. Enhances hippocampal long-term potentiation through CaMKII-dependent mechanisms. Reverses scopolamine-induced and mecamylamine-induced amnesia in passive avoidance paradigms. Less studied than sunifiram but appears equipotent in anti-amnesic models.,"memory formation, anti-amnesic, learning, LTP","hippocampus, prefrontal cortex, entorhinal cortex",Low,,9919391,
TAK-653,"NBI-1065845, Takeda AMPA PAM",Ampakine (clinical),3,AMPA receptor positive allosteric modulator; designed for treatment-resistant depression,TAK-653 is a clinical-stage AMPA receptor positive allosteric modulator being developed for treatment-resistant depression. Enhances AMPA receptor-mediated fast excitatory neurotransmission with improved selectivity over earlier ampakines. Designed to enhance synaptic plasticity and BDNF-TrkB signaling without the seizure risk of non-selective glutamate agonists. Completed Phase 2 trials. Represents next-generation glutamatergic approach to cognitive and mood enhancement.,"treatment-resistant depression, synaptic plasticity, BDNF signaling, antidepressant","prefrontal cortex, hippocampus, anterior cingulate, cortex-wide glutamatergic",Low,,,
Tolcapone,"Tasmar, Ro 40-7592",COMT inhibitor,3,Catechol-O-methyltransferase (COMT) inhibitor; increases prefrontal dopamine,"Tolcapone is a potent, reversible inhibitor of catechol-O-methyltransferase (COMT), the primary enzyme degrading dopamine in prefrontal cortex where dopamine transporter expression is low. Increases synaptic dopamine specifically in PFC without significantly affecting striatal dopamine. COMT Val158Met polymorphism determines individual response — Val/Val carriers (high COMT activity, low baseline PFC dopamine) benefit most. FDA-approved for Parkinson's. Studied as a cognitive enhancer for executive function deficits.","executive function, prefrontal dopamine, working memory, cognitive flexibility, Parkinson's","prefrontal cortex, anterior cingulate, dorsolateral PFC, orbitofrontal cortex",Yes,CHEMBL1393,4659569,
Nicergoline,"Sermion, 8-beta-bromonicotinic acid ester of ergoline",Ergoloid/Cerebrovascular,3,Alpha-1 adrenergic antagonist; PDE inhibitor; dopamine agonist (D1/D2); serotonin agonist; cerebral vasodilator,"Nicergoline is an ergot alkaloid derivative that antagonizes alpha-1 adrenergic receptors increasing cerebral blood flow, inhibits phosphodiesterases enhancing cAMP/cGMP signaling, acts as a partial dopamine D1/D2 agonist, modulates serotonergic neurotransmission, and enhances cholinergic function through acetylcholine release promotion. Increases cerebral glucose utilization and ATP production. Widely prescribed in Europe and Asia for cerebrovascular insufficiency, vertigo, and mild-moderate dementia.","cerebral blood flow, dementia, vertigo, age-related cognitive decline, visual function","cortex-wide (vascular), prefrontal cortex, hippocampus, visual cortex, cerebellum",Partial,CHEMBL444,34040,
Sabroxy,"Oroxylum indicum bark extract, oroxylin A, chrysin, baicalein",Flavonoid,3,Dopamine reuptake inhibitor; GABA-A receptor modulator (benzodiazepine site); PDE4 inhibitor,"Sabroxy standardized extract from Oroxylum indicum contains oroxylin A which inhibits dopamine reuptake through DAT binding, providing mild stimulant and motivational effects. Chrysin and baicalein modulate GABA-A receptors at the benzodiazepine binding site, providing anxiolytic effects without full sedation. Oroxylin A also inhibits PDE4, increasing cAMP in neurons, and exhibits neuroprotective anti-inflammatory activity. The combination produces a unique stimulant-plus-anxiolytic profile.","motivation, focus, anxiolysis, dopamine enhancement, neuroprotection","striatum, prefrontal cortex, nucleus accumbens, amygdala, ventral tegmental area",Partial,,5320315,
Bronchogen,"Ala-Glu-Asp, AED",Khavinson peptide,3,Bronchial epithelium bioregulator; respiratory mucosa gene expression; anti-inflammatory,Bronchogen (Ala-Glu-Asp) is a synthetic tripeptide bioregulator targeting bronchial epithelial cell gene expression. Restores normal mucosa function and reduces chronic airway inflammation. Brain relevance is indirect through improved oxygenation and reduced systemic inflammatory burden affecting neuroinflammation. Part of Khavinson's comprehensive organ-specific peptide bioregulation system where each short peptide targets specific tissue gene expression patterns.,"respiratory function, oxygenation, systemic inflammation reduction (indirect brain effects)",indirect effects via improved oxygenation and reduced systemic inflammation,No,,,
Cardiogen,"Ala-Glu-Asp-Arg, AEDR",Khavinson peptide,3,Cardiac myocyte bioregulator; cardiovascular gene expression; cardioprotective,"Cardiogen (Ala-Glu-Asp-Arg) is a synthetic tetrapeptide bioregulator targeting cardiac myocyte gene expression. Restores cardiomyocyte function in aging hearts, modulates genes involved in contractility and calcium handling. Brain relevance through cardiovascular-cerebrovascular coupling: cardiac output directly determines cerebral blood flow. Improved cardiac function enhances brain perfusion. Khavinson's research demonstrates that this peptide penetrates cell nuclei and specifically interacts with cardiac gene promoter regions.","cardiovascular health, cerebral perfusion (indirect), cardioprotection, aging","cerebral vasculature (indirect via cardiac output), cortex-wide perfusion",No,,,
Chonluten,"Glu-Asp-Gly, EDG",Khavinson peptide,3,Respiratory/bronchial mucosa bioregulator; mucosal gene expression normalization,"Chonluten (Glu-Asp-Gly) is a tripeptide bioregulator for bronchopulmonary system function. Normalizes gene expression in respiratory epithelial cells. Like other Khavinson peptides, penetrates cell membranes and interacts with DNA, modulating transcription of tissue-specific genes. Cognitive relevance is indirect through optimized respiratory gas exchange affecting brain oxygen supply. Part of the systematic organ-specific bioregulation approach.","respiratory optimization, oxygenation (indirect cognitive effects)",indirect effects via respiratory optimization,No,,,
Crystagen,"Glu-Asp-Pro, EDP",Khavinson peptide,3,Immune system bioregulator; T-lymphocyte and NK cell modulation; immune gene expression,"Crystagen (Glu-Asp-Pro) is a tripeptide bioregulator targeting immune system gene expression, particularly modulating T-lymphocyte differentiation and natural killer cell activity. Normalizes immune function by restoring age-related decline in immune cell gene expression patterns. Relevant to brain function through neuroimmune interactions: normalized peripheral immune function reduces chronic neuroinflammation, microglial activation, and blood-brain barrier inflammatory signaling.","immune modulation, neuroimmune axis, anti-inflammatory (indirect neuroprotection)","cortex-wide (via reduced neuroinflammation), hypothalamus (neuroimmune)",No,,,
Livagen,"Lys-Glu-Asp-Ala, KEDA",Khavinson peptide,3,Hepatic bioregulator; liver gene expression normalization; chromatin decondensation activator,"Livagen (Lys-Glu-Asp-Ala) is a tetrapeptide bioregulator targeting hepatocyte gene expression. Khavinson's research demonstrates it induces chromatin decondensation in hepatocyte heterochromatin, reactivating silenced gene regions. This epigenetic mechanism is central to Khavinson's theory of peptide bioregulation. Hepatic function normalization indirectly affects brain through improved detoxification, hepatic encephalopathy prevention, and proper protein synthesis for blood-brain barrier maintenance.","hepatic function, detoxification, epigenetic gene reactivation, chromatin remodeling",indirect effects via hepatic function and detoxification,No,,,
Normoftal,"Lys-Glu-Asp-Pro, KEDP",Khavinson peptide,3,Retinal bioregulator; retinal pigment epithelium gene expression; visual pathway neuroprotection,"Normoftal (Lys-Glu-Asp-Pro) is a tetrapeptide targeting retinal tissue gene expression, particularly retinal pigment epithelium and photoreceptor cells. Prevents age-related retinal degeneration by normalizing expression of visual cycle genes and antioxidant enzymes in retina. Brain relevance through visual pathway: retina is developmental brain tissue, and retinal health directly affects visual cortex input. Retinal degeneration correlates with cognitive decline in aging, suggesting shared neurodegenerative mechanisms.","retinal neuroprotection, visual function, visual pathway integrity, macular degeneration","retina, lateral geniculate nucleus, visual cortex, optic nerve",No,,,
Ovagen,"Glu-Asp-Leu, EDL",Khavinson peptide,3,Hepatic/GI bioregulator; hepatocyte gene expression; digestive system normalization,"Ovagen (Glu-Asp-Leu) is a tripeptide bioregulator targeting liver and gastrointestinal tract gene expression. Normalizes hepatocyte function and improves digestive enzymatic activity. Indirect brain relevance through gut-brain axis: improved GI function enhances nutrient absorption (B vitamins, amino acid precursors, minerals critical for neurotransmitter synthesis) and modulates gut microbiome-brain signaling. Hepatic normalization improves clearance of neurotoxic metabolites.","gut-brain axis, nutrient absorption, hepatic function, digestive optimization",indirect effects via gut-brain axis and improved nutrient delivery,No,,,
Pancragen,"Lys-Glu-Asp-Trp, KEDW",Khavinson peptide,3,Pancreatic bioregulator; insulin-producing beta cell gene expression; glucose metabolism normalization,"Pancragen (Lys-Glu-Asp-Trp) is a tetrapeptide bioregulator targeting pancreatic beta-cell gene expression. Restores insulin secretion capacity in aging pancreas, normalizes glucose metabolism. Brain relevance is significant: insulin signaling in brain affects hippocampal synaptic plasticity, glucose-dependent memory consolidation, and insulin-degrading enzyme (which also degrades amyloid-beta). Insulin resistance is a major risk factor for Alzheimer's disease. Pancragen may indirectly support brain insulin signaling.","glucose metabolism, insulin signaling, brain insulin, Alzheimer's risk reduction (indirect)","hippocampus (insulin receptors), hypothalamus, cortex-wide (glucose metabolism)",No,,,
Pinealon,Glu-Asp-Arg,Khavinson peptide,3,Pineal gland bioregulator; melatonin modulation; antioxidant gene expression,"Pinealon (Glu-Asp-Arg) is a short peptide bioregulator targeting pineal gland function. Penetrates cell membranes and interacts with DNA, modulating expression of genes involved in oxidative stress response. Enhances melatonin synthesis capacity, regulates circadian-dependent gene expression, and may protect against age-related pineal calcification. Part of Khavinson's peptide bioregulation theory targeting organ-specific gene expression restoration.","circadian rhythm, sleep, pineal function, anti-aging","pineal gland, suprachiasmatic nucleus, hypothalamus",No,,,
Suprefort,"Lys-Glu-Asp-Pro (same sequence as Normoftal, different target)",Khavinson peptide,3,Pancreatic exocrine bioregulator; digestive enzyme gene expression; GI tract normalization,"Suprefort targets pancreatic exocrine function with the same KEDP sequence as Normoftal, illustrating Khavinson's principle that tissue context determines peptide function. Normalizes pancreatic enzyme secretion and digestive function. Demonstrates the theoretical framework where short peptides serve as informational signals recognized by specific chromatin regions in target tissues. Brain relevance through nutrition-cognition axis: optimized digestion supports brain nutrient supply.","digestive function, nutrient absorption, nutrition-cognition axis (indirect)",indirect effects via nutritional optimization,No,,,
Svetinorm,"Lys-Glu-Asp, KED",Khavinson peptide,3,Hepatoprotective tripeptide; liver regeneration gene expression; antioxidant gene activation,"Svetinorm (Lys-Glu-Asp) is a hepatoprotective tripeptide bioregulator that normalizes liver-specific gene expression patterns, promotes hepatocyte regeneration, and activates antioxidant enzyme gene transcription. Enhances liver's capacity for detoxification and protein synthesis. Brain relevance through hepatocerebral axis: liver dysfunction directly impairs brain function through accumulation of neurotoxic substances (ammonia, manganese, aromatic amino acids) and reduced synthesis of brain-essential proteins.","hepatoprotection, detoxification, hepatocerebral axis, anti-aging",indirect effects via hepatic detoxification and protein synthesis,No,,,
Testagen,"Lys-Glu-Asp-Gly, KEDG",Khavinson peptide,3,Testicular bioregulator; testosterone synthesis modulation; HPG axis peptide,"Testagen (Lys-Glu-Asp-Gly) is a synthetic tetrapeptide bioregulator targeting testicular function and the hypothalamic-pituitary-gonadal axis. Restores testosterone synthesis in aged testes by modulating gene expression in Leydig cells. Through testosterone's effects on brain androgen receptors, indirectly modulates hippocampal synaptic plasticity, prefrontal executive function, and amygdala emotional processing. Part of Khavinson's bioregulatory peptide system for age-related hormonal decline.","testosterone modulation, HPG axis, mood, motivation, age-related hormonal decline","hypothalamus (GnRH), hippocampus (androgen receptors), prefrontal cortex, amygdala",No,,,
Vesilut,"Lys-Glu, KE (same as Vilon)",Khavinson peptide,3,Urinary system bioregulator; bladder/prostate gene expression; smooth muscle function,"Vesilut (Lys-Glu) targets urinary system gene expression, normalizing bladder and prostate smooth muscle function. Has the same dipeptide sequence as Vilon but is formulated and dosed for urinary tract bioregulation. This illustrates Khavinson's principle that peptide bioregulatory effects depend on tissue context — the same peptide sequence can have different functional outcomes depending on target tissue. Minimal direct brain relevance beyond autonomic nervous system regulation of urinary function.","autonomic regulation, urinary function (minimal direct cognitive relevance)","pontine micturition center, autonomic nuclei (indirect)",No,,,
Vilon,Lys-Glu,Khavinson peptide,3,Thymus bioregulator; immune modulation; epigenetic gene regulation,"Vilon (Lys-Glu) is a synthetic dipeptide bioregulator of thymic function. Modulates T-lymphocyte differentiation and immune system function. Through neuroimmune interactions, affects brain function via cytokine signaling and microglial activity modulation. Part of Khavinson's bioregulatory peptide theory where short peptides restore organ-specific gene expression patterns disrupted by aging.","immune modulation, neuroimmune axis, anti-aging, inflammation regulation","hypothalamus (neuroimmune axis), microglia-mediated cortex-wide effects",No,,,
Rapamycin,"Sirolimus, mTOR inhibitor, Rapamune",Longevity/mTOR,3,mTORC1 inhibitor; autophagy activator; immunomodulator; anti-senescent,"Rapamycin inhibits mechanistic target of rapamycin complex 1 (mTORC1), activating autophagy and clearing damaged proteins and organelles from neurons. Intermittent low-dose rapamycin in aged mice restores hippocampal-dependent spatial memory, reduces neuroinflammation by dampening senescent cell SASP, enhances cerebrovascular function, and restores blood-brain barrier integrity. Reduces age-related microglial activation. Currently in human longevity trials (PEARL). Cognitive effects likely mediated through autophagy-dependent clearance of toxic aggregates.","cognitive aging, autophagy, neuroprotection, vascular health, senolytic, memory in aging","hippocampus, cortex-wide (autophagy/vascular), cerebral vasculature, prefrontal cortex",Yes,CHEMBL413,5284616,
PQQ,"Pyrroloquinoline quinone, methoxatin, BioPQQ",Mitochondrial,3,Mitochondrial biogenesis activator (PGC-1alpha); redox cofactor; NMDA receptor modulation; NGF enhancer,"PQQ activates PGC-1alpha transcription factor driving mitochondrial biogenesis, increasing mitochondrial density in neurons. Acts as a potent redox cofactor (5000x more catalytic cycles than vitamin C), modulates NMDA receptor function as a redox-sensitive site modifier, enhances NGF secretion, and protects against oxidative stress. Synergistic with CoQ10 for mitochondrial energy production.","mitochondrial energy, neuroprotection, memory, sleep quality, inflammation reduction","cortex-wide (mitochondrial), hippocampus, substantia nigra, cerebellum",No,CHEMBL441023,1024.0,examine.com/supplements/pqq
Idebenone,"Raxone, Catena, CV-2619",Mitochondrial/Antioxidant,3,Coenzyme Q10 analog; electron carrier in mitochondrial complex I bypass; antioxidant,"Idebenone is a synthetic short-chain analog of coenzyme Q10 that acts as an electron carrier in the mitochondrial respiratory chain, capable of bypassing dysfunctional Complex I and donating electrons directly to Complex III. More water-soluble than CoQ10, achieving higher brain concentrations. Provides potent antioxidant protection against lipid peroxidation in neuronal membranes. FDA-approved for Leber's hereditary optic neuropathy. Investigated for Friedreich's ataxia and Alzheimer's disease.","mitochondrial energy, neuroprotection, Friedreich's ataxia, cognitive decline, visual function","cortex-wide (mitochondrial), substantia nigra, cerebellum, optic nerve, hippocampus",Low,CHEMBL472085,3686,
Orexin-A,"Hypocretin-1, OX-A",Neuropeptide,3,"Orexin receptor 1 and 2 (OX1R, OX2R) agonist; wakefulness-promoting; feeding behavior modulator",Orexin-A is a 33-amino acid neuropeptide produced by lateral hypothalamic neurons that promotes wakefulness through excitation of monoaminergic and cholinergic arousal centers. Activates OX1R (linked to reward and arousal) and OX2R (linked to sleep-wake regulation). Intranasal orexin-A restores cognitive function after sleep deprivation in primates without generalized arousal. Orexin deficiency causes narcolepsy. Orexin system is a key target for understanding arousal-cognition coupling.,"wakefulness, arousal, sleep deprivation recovery, reward, feeding, narcolepsy","lateral hypothalamus, locus coeruleus, tuberomammillary nucleus, VTA, prefrontal cortex, dorsal raphe",No,,,
PACAP,"Pituitary adenylate cyclase-activating polypeptide, PACAP-38, PACAP-27",Neuropeptide,3,PAC1 receptor agonist; VPAC1/VPAC2 agonist; cAMP activation; neuroprotective; anti-inflammatory,"PACAP is a 38-amino acid neuropeptide that potently activates adenylate cyclase through PAC1 receptors in brain. Provides neuroprotection against ischemia, traumatic brain injury, and neurodegeneration through PKA/CREB/BDNF signaling cascade activation. Modulates microglial inflammatory response, promotes oligodendrocyte survival and myelination, enhances hippocampal synaptic plasticity, and regulates circadian rhythm through SCN PAC1 receptors. PACAP deficiency is linked to PTSD vulnerability (genetic association).","neuroprotection, PTSD vulnerability, circadian rhythm, memory, brain injury recovery","hippocampus, hypothalamus (SCN), cortex-wide, amygdala, cerebellum, brainstem",No,,,
BPC-157,"Body Protection Compound-157, pentadecapeptide",Peptide,3,Nitric oxide system modulation; GABAergic; dopaminergic system modulation; angiogenesis,"BPC-157 is a gastric pentadecapeptide that modulates the nitric oxide system, interacts with the dopaminergic system (counteracts dopamine agonist and antagonist effects), modulates GABA-A receptor signaling, promotes angiogenesis through VEGF upregulation, and enhances peripheral and central nerve repair. Counteracts both haloperidol and amphetamine-induced behavioral changes, suggesting homeostatic dopamine regulation.","nerve regeneration, dopamine homeostasis, tissue healing, gut-brain axis","basal ganglia, substantia nigra, hippocampus, peripheral nervous system",No,,,
Colivelin,SALLRSIPA-ADNF-9-humanin fusion,Peptide,3,Dual STAT3 and ADNP pathway activator; neuroprotective; anti-amyloid,"Colivelin is a 26-amino acid hybrid peptide combining the ADNF-9 fragment, humanin, and a cell-penetrating sequence. Activates both STAT3 signaling (via humanin pathway) and ADNP-dependent neuroprotection simultaneously, providing synergistic protection against amyloid-beta toxicity. More potent than either humanin or ADNF-9 alone at preventing neuronal cell death. Effective at femtomolar concentrations. Prevents memory impairment in Alzheimer's model mice after intracerebroventricular and even intranasal delivery.","Alzheimer's neuroprotection, anti-amyloid, memory preservation, dual-pathway activation","hippocampus, cortex-wide, entorhinal cortex, basal forebrain",No,,,
DSIP,"Delta Sleep-Inducing Peptide, Trp-Ala-Gly-Gly-Asp-Ala-Ser-Gly-Glu",Peptide,3,Delta-wave sleep promoter; stress hormone modulator; opioid system modulation; circadian rhythm regulator,"DSIP (Delta Sleep-Inducing Peptide) is a nonapeptide that promotes delta-wave (slow-wave) sleep without altering total sleep time, increases sleep spindle density, modulates ACTH and cortisol secretion, interacts with the endogenous opioid system (met-enkephalin and beta-endorphin), and has antioxidant stress-protective properties. Normalizes disturbed sleep patterns and reduces stress-induced damage. Crosses blood-brain barrier. Used in some European clinics for insomnia and chronic pain management.","slow-wave sleep, sleep quality, stress reduction, circadian rhythm, cortisol modulation","hypothalamus, thalamus, cortex-wide (sleep oscillations), pineal gland, raphe nuclei",No,,68816,
FGL peptide,"FG loop peptide, NCAM mimetic",Peptide,3,NCAM/FGFR interaction mimetic; FGFR1 activation; synaptogenesis promoter; LTP enhancer,"FGL is a synthetic peptide that mimics the FG loop of the second fibronectin type III domain of neural cell adhesion molecule (NCAM), activating FGFR1 signaling. Promotes neurite outgrowth, synaptogenesis, and presynaptic function. Enhances hippocampal long-term potentiation and improves spatial learning and social memory in aged rats. Reduces neuroinflammation through microglial modulation. Represents a targeted approach to enhancing neuroplasticity through cell adhesion molecule signaling.","synaptogenesis, spatial memory, social memory, LTP, neuroplasticity, aging","hippocampus, prefrontal cortex, cortex-wide (NCAM-expressing regions)",No,,,
GHK-Cu,"GHK-Copper, glycyl-L-histidyl-L-lysine copper complex",Peptide,3,TGF-beta modulator; antioxidant gene activator; anti-inflammatory; stem cell mobilizer; collagen synthesis promoter,"GHK-Cu is a naturally occurring tripeptide-copper complex found in blood plasma that declines with age. Modulates expression of >4,000 genes, upregulating DNA repair genes, antioxidant systems (SOD, glutathione), and stem cell markers while downregulating pro-inflammatory and pro-fibrotic genes. Resets gene expression patterns toward a younger profile. Promotes tissue remodeling through TGF-beta and VEGF modulation. While primarily studied for skin and wound healing, the broad gene expression resetting has implications for brain aging through neurovascular unit maintenance.","anti-aging gene expression, tissue remodeling, neurovascular health, inflammation reduction","cerebral vasculature, cortex-wide (gene expression), blood-brain barrier endothelium",No,,637135,
Humanin,"HN, [Gly14]-Humanin (HNG), mitochondria-derived peptide",Peptide,3,IGFBP-3 binding; BAX antagonist; anti-apoptotic; FPRL1/2 receptor agonist; STAT3 activation,"Humanin is a 24-amino acid peptide encoded by mitochondrial DNA that acts as an endogenous neuroprotective factor. Binds IGFBP-3 modulating IGF-1 signaling, directly antagonizes BAX-mediated apoptosis at the mitochondrial membrane, activates STAT3 survival signaling via FPRL1/2 receptors, and reduces amyloid-beta toxicity by binding familial Alzheimer's disease-linked proteins. Circulating humanin levels decline with age. Synthetic analog HNG (S14G substitution) is 1000x more potent.","neuroprotection, Alzheimer's, anti-apoptotic, mitochondrial protection, aging","hippocampus, cortex-wide (mitochondrial), hypothalamus, occipital cortex",No,,,
KPV,"Lys-Pro-Val, alpha-MSH C-terminal tripeptide",Peptide,3,Anti-inflammatory (NF-kB inhibition); melanocortin-related; gut-brain axis modulator,"KPV is the C-terminal tripeptide fragment of alpha-melanocyte stimulating hormone (alpha-MSH) that retains potent anti-inflammatory activity without melanocortin receptor binding. Inhibits NF-kB nuclear translocation and reduces pro-inflammatory cytokine production (IL-1beta, TNF-alpha, IL-6). Modulates gut-brain axis through intestinal immune cell regulation. May contribute to neuroinflammation reduction through systemic anti-inflammatory effects and blood-brain barrier immune signaling.","neuroinflammation, gut-brain axis, systemic inflammation, immune modulation","hypothalamus (neuroimmune), cortex-wide (anti-inflammatory), gut-brain axis",No,,,
Thymosin beta-4,"TB-500, Tβ4, LKKTETQ active fragment",Peptide,3,G-actin sequestering; anti-inflammatory; angiogenic; stem cell mobilizer; oligodendrocyte differentiation,"Thymosin beta-4 is a 43-amino acid peptide that sequesters G-actin monomers regulating cytoskeletal dynamics, promotes angiogenesis through VEGF pathway activation, mobilizes endogenous stem cells, reduces neuroinflammation via NF-kB suppression, and promotes oligodendrocyte progenitor differentiation and myelination. In brain injury models, enhances neurovascular remodeling and white matter repair. Promotes axonal sprouting from intact neurons to denervated regions after stroke. TB-500 is a synthetic fragment.","brain injury recovery, myelination, angiogenesis, stroke recovery, white matter repair","white matter tracts, periventricular zones, cortex-wide (vascular), hippocampus",No,,,
Resveratrol,"3,5,4'-trihydroxystilbene, trans-resveratrol",Polyphenol,3,SIRT1 activator; PDE4 inhibitor; cerebral blood flow enhancer; anti-inflammatory,"Resveratrol activates SIRT1 deacetylase promoting mitochondrial biogenesis and neuroprotection, inhibits PDE4 increasing cAMP in hippocampus, enhances cerebral blood flow through nitric oxide-mediated vasodilation, reduces neuroinflammation via NF-kB suppression, and provides antioxidant protection. May promote hippocampal neurogenesis and improve cerebrovascular function.","cerebral blood flow, neuroprotection, memory in aging, cardiovascular-brain axis","hippocampus, prefrontal cortex, cerebral vasculature, cortex-wide",Partial,CHEMBL44,445154.0,examine.com/supplements/resveratrol
Coluracetam,"MKC-231, BCI-540",Racetam,3,High-affinity choline uptake (HACU) enhancer; AMPA PAM,"Coluracetam selectively enhances high-affinity choline uptake in cholinergic terminals, increasing acetylcholine synthesis capacity. Also acts as AMPA receptor positive allosteric modulator. Developed for major depressive disorder with comorbid generalized anxiety. May enhance visual processing and color perception through cholinergic modulation of visual cortex.","visual processing, color perception, depression, anxiety, memory formation","visual cortex, hippocampus, basal forebrain, prefrontal cortex",Low,CHEMBL2105713,214346.0,
PRL-8-53,methyl 3-(2-(benzhydryloxy)ethyl)-1-phenylpiperidine-3-carboxylate,Small molecule,3,Cholinergic potentiation; possible dopaminergic modulation; mechanism not fully characterized,"PRL-8-53 is a synthetic nootropic that enhances memory acquisition and retention in human studies at a single 5mg dose. The original 1978 study showed 80-200% improvement in word recall, with strongest effects in poor initial performers. Mechanism is not fully elucidated but involves cholinergic potentiation and possible dopamine modulation. Crosses blood-brain barrier rapidly. One of the few nootropics with positive human clinical data despite minimal follow-up research.","word recall, memory acquisition, memory retention, verbal memory","hippocampus, prefrontal cortex, temporal cortex, Broca's area",Low,,212556,
Lithium orotate,"Lithium orotate, microdose lithium",Trace mineral/Neuroprotective,3,GSK-3beta inhibitor; IMPase inhibitor; neuroprotective; increases gray matter volume; BDNF enhancer,"Low-dose lithium (5-20mg elemental vs 300-1200mg clinical) inhibits glycogen synthase kinase 3-beta (GSK-3beta), reducing tau hyperphosphorylation and promoting Wnt/beta-catenin neuroprotective signaling. Inhibits inositol monophosphatase (IMPase) modulating phosphoinositide signaling. Increases gray matter volume in hippocampus and cortex detectable on MRI. Upregulates BDNF, Bcl-2 anti-apoptotic protein, and autophagy pathways. Epidemiological data shows inverse correlation between trace lithium in drinking water and dementia rates.","neuroprotection, gray matter preservation, anti-aging, mood stabilization, dementia prevention","hippocampus, prefrontal cortex, anterior cingulate, cortex-wide (gray matter), amygdala",Partial,CHEMBL2146126,14923,
